User Input,Chatbot Response,Timestamp
hello,Hi there,2024-09-10 01:21:51
how are you ,My purpose is to assist you,2024-09-10 01:21:57
weather ,"I'm sorry, I cannot provide real-time weather information.",2024-09-10 01:22:20
How do I create a budget,"To make a budget, start by tracking your income and expenses. Then, allocate your income towards essential expenses like rent, food, and bills. Next, allocate some of your income towards savings and debt repayment. Finally, allocate the remainder of your income towards discretionary expenses like entertainment and hobbies.",2024-09-10 01:22:30
Today is a nice weather,"I'm sorry, I cannot provide real-time weather information.",2024-10-03 08:29:52
How's the weather today,"I'm sorry, I cannot provide real-time weather information.",2024-10-03 08:30:47
Hi,Hello,2024-10-03 08:30:56
what is IT,"Mindfulness is the practice of being fully present in the moment, observing thoughts and feelings without judgment.",2024-12-08 11:05:19
meaning of mind,Growing a vegetable garden allows you to enjoy fresh produce and connect with nature.,2024-12-08 11:05:55
hey,Nothing much,2024-12-08 11:06:25
how are you,Hey,2024-12-08 11:06:46
good morning,"Gardening tips include choosing the right plants for your climate, watering properly, and using organic fertilizers.",2024-12-08 11:07:21
hey,Nothing much,2024-12-08 11:10:26
hey how are you?,Hi there,2024-12-08 11:10:46
hey how are you? what is meaning of chat,Nothing much,2024-12-08 11:11:21
hey how are you? what is meaning of chat weather today,Hey,2024-12-08 11:11:44
hey,Hey,2024-12-08 11:22:09
hey How are you?,Hi there,2024-12-08 11:22:35
hey How are you? help,Nothing much,2024-12-08 11:22:57
hey How are you? help,"I'm fine, thank you",2024-12-08 11:23:18
what is meaning of engineering,"Mindfulness techniques include meditation, deep breathing, body scanning, and mindful eating.",2024-12-08 11:23:55
what is meaning of engineering,"Mindfulness techniques include meditation, deep breathing, body scanning, and mindful eating.",2024-12-08 11:24:09
what is meaning of engineering ,"Mindfulness is the practice of being fully present in the moment, observing thoughts and feelings without judgment.",2024-12-08 11:24:33
Yoga,Starting yoga involves finding a suitable class or online tutorials and listening to your body during practice.,2024-12-08 11:24:59
doctor,Growing a vegetable garden allows you to enjoy fresh produce and connect with nature.,2024-12-08 11:25:21
doctor,"Gardening tips include choosing the right plants for your climate, watering properly, and using organic fertilizers.",2024-12-08 11:25:36
Doctor,"Gardening tips include choosing the right plants for your climate, watering properly, and using organic fertilizers.",2024-12-08 11:25:54
